source,target,label
1352,2816,0
1272,3108,1
124,2858,0
753,1426,0
1592,2930,0
1041,1083,1
87,1896,0
509,2434,1
2877,2944,0
1005,1967,0
385,3079,0
977,1723,1
1090,1325,1
597,3280,1
2249,3009,1
13,2764,1
1555,3122,1
314,3306,0
35,605,1
410,964,1
159,2975,0
77,2863,0
2511,2727,0
1126,2387,0
879,1252,0
187,1597,0
773,1488,1
1655,1947,0
957,1042,1
591,2005,0
705,3013,1
2478,2549,1
993,1395,0
863,1679,1
342,2425,1
648,3212,1
1529,1539,1
941,2069,0
1626,1860,0
158,745,0
833,2133,0
297,1891,1
1113,2060,0
319,875,0
139,1934,0
568,2704,0
1216,2026,0
135,583,0
68,2999,1
1186,1818,1
1419,2848,0
512,2171,0
485,1600,0
815,2125,0
1716,2113,1
494,3231,0
569,633,1
266,3170,0
1784,2071,0
1612,1655,0
532,1831,0
1490,2113,1
771,2493,1
2935,3076,0
1929,2334,1
809,862,0
2537,2983,1
2644,3280,0
248,2338,0
2625,2819,0
1990,2899,1
1626,1657,1
3,2630,0
1240,1568,0
681,1264,0
1709,2148,0
1738,1970,0
1716,2052,0
76,2125,1
1411,3102,0
199,393,0
252,2086,0
1026,2112,0
1521,2092,0
382,2797,0
417,1994,0
1186,1275,1
1895,2968,0
641,848,1
2175,2740,1
709,2145,1
2252,2798,1
1087,3175,0
1272,2565,1
173,1891,0
969,1998,1
1142,3021,0
1644,1828,1
116,435,0
346,1466,1
1288,2957,1
250,2852,0
1509,1870,1
1777,3297,1
2636,2970,1
532,3176,1
1627,2420,0
318,1057,1
911,1342,1
282,1081,1
961,1006,0
777,1319,0
368,2450,1
1633,2195,0
180,2061,0
1587,1593,0
1504,1976,1
1468,2754,1
103,3111,0
758,1126,0
1363,2977,1
330,644,1
1963,2004,0
2000,3037,1
658,3036,0
1259,2530,0
2254,2919,0
2100,2613,0
372,605,0
1832,2618,0
946,968,0
288,3030,1
126,1132,1
1661,1925,0
170,1466,1
356,2717,0
2163,2545,0
414,727,0
2152,3291,1
1135,2822,1
1901,2354,0
147,1959,0
1574,2884,1
1869,3181,0
1587,1627,0
329,2894,1
2621,3298,0
2399,2955,0
162,2080,0
84,3066,1
1020,2211,0
1449,2751,0
348,3016,0
2486,2492,0
2392,2783,1
1187,2592,1
20,1418,0
2055,2957,0
326,844,1
2102,2940,0
406,638,1
66,780,1
2989,2994,1
913,2765,1
2333,2762,0
681,1985,0
299,3121,1
2271,2869,0
510,2797,0
860,2635,1
520,3301,1
475,731,0
1217,1490,0
2386,3026,1
1150,3078,0
2330,2438,0
913,3156,0
2158,2722,0
33,869,1
1270,2002,1
2643,2927,1
1103,1607,0
1288,2080,1
179,2480,0
720,1751,0
550,2153,1
417,1730,1
44,1880,1
368,2595,1
28,1495,0
108,388,1
764,2500,1
408,2265,0
1475,2911,1
628,2373,0
31,490,1
874,1410,1
2613,2843,0
367,1823,1
704,3062,0
169,1034,0
2849,3107,0
1372,2706,0
523,1710,0
1378,3250,0
1617,1991,0
2089,2484,1
547,724,1
2860,2963,1
1649,1873,0
1343,1621,0
2497,2727,0
299,1739,1
1005,1488,0
1804,2349,1
917,2287,0
901,2219,1
430,1299,1
2253,2329,0
1046,3038,1
910,2051,0
2131,3126,1
2580,2802,1
1647,2013,0
817,2459,1
1055,3250,1
549,2624,1
936,3292,1
1045,3165,0
1227,2921,1
114,2230,1
2277,2878,1
978,2457,0
515,1086,1
2623,2789,0
703,1992,1
1065,3181,0
305,1763,0
228,3017,1
2867,2926,0
2461,2661,1
899,969,1
361,3278,1
87,854,0
442,2674,0
399,1828,0
3237,3286,0
1358,2051,1
1523,2689,1
1493,2596,1
456,1993,1
2754,3302,0
1270,2841,0
2013,2852,1
1678,3173,0
1908,2588,0
163,3312,0
605,2202,0
382,1837,1
2470,2768,0
2522,2907,0
1627,2178,0
247,3296,1
351,898,0
172,1186,1
440,1558,0
1920,2822,1
719,747,1
667,3017,1
1349,1352,1
2176,3191,0
224,299,1
1543,1778,1
938,3176,1
2312,2650,1
1224,2685,1
1995,2473,0
1055,2637,1
1063,2737,1
858,3251,1
798,2729,0
822,3203,1
242,2246,1
1062,2923,0
2403,3153,1
2958,3256,1
149,2776,0
2531,3072,0
985,1646,1
1915,2919,0
735,1669,0
873,2279,1
2056,2690,0
918,3273,0
824,3253,0
2784,2818,1
332,1873,0
982,1455,0
1382,2064,1
2528,3313,0
156,1918,0
557,3323,1
31,1649,1
1784,1881,1
1915,3195,1
206,2262,1
656,1096,0
147,2625,0
1128,1792,0
817,1938,1
679,1087,1
475,2727,0
2050,3094,1
1460,2959,1
1434,1739,1
993,1371,1
835,1406,1
1031,2999,0
2213,2422,0
714,2206,1
713,1551,0
2473,3125,0
3037,3192,1
701,3077,0
211,431,1
1384,2560,0
905,2108,1
486,820,0
799,2143,0
238,2686,0
1716,2102,1
388,464,1
98,557,1
1105,2506,1
438,2200,1
668,2345,0
2345,3317,0
492,1555,0
1906,2597,1
249,2884,1
1716,2286,1
244,1298,1
261,2733,1
99,1664,1
2139,3178,0
362,555,0
936,2472,1
1106,1548,0
2253,3179,1
1148,1841,0
717,2761,0
2157,2752,1
972,2131,0
315,1677,0
1000,3002,0
1968,2144,1
1846,2244,1
640,1758,0
338,1465,0
1823,3038,0
708,1725,0
190,2528,1
567,1931,0
2420,2672,0
1599,3097,1
1830,2824,1
707,1161,0
1844,2857,0
127,1915,0
236,1510,1
392,2231,1
1057,1228,0
2208,3282,0
80,972,0
591,2861,1
1020,2873,1
2852,3315,1
17,811,1
1209,3085,1
108,3136,1
34,3282,0
2583,2769,1
2476,3087,1
2849,3324,0
2715,2910,1
959,1573,1
18,2075,1
2753,2884,1
380,696,0
1927,2108,1
2474,2872,0
647,2884,1
68,301,0
12,733,0
372,1986,0
2515,3326,0
1346,2550,0
2552,2950,0
2748,2912,0
947,2076,1
798,1727,0
949,2855,1
24,1346,1
175,844,1
516,2835,1
528,2840,1
3162,3165,1
732,1932,0
2922,3308,1
935,1686,0
791,2902,0
745,1995,0
343,1222,0
527,775,0
842,2577,1
435,976,0
974,2989,0
2034,2382,0
585,1478,1
2557,2815,0
2351,2385,1
492,2109,0
432,606,0
443,1929,1
225,947,1
679,2932,1
351,3181,1
2037,2059,0
775,2946,1
2904,3037,0
1964,2410,0
1618,2597,0
1536,2989,0
72,2163,0
1068,1094,0
296,305,0
1011,2700,0
473,1881,0
231,1416,0
768,2613,1
381,2216,0
435,862,1
2011,2045,1
1460,3166,0
442,2251,0
1040,1270,1
840,1182,0
674,1745,0
646,2927,1
1777,3095,1
929,1643,0
1808,2791,1
777,2928,1
825,2606,1
2576,2852,0
570,2573,1
1303,1406,1
1833,1998,0
467,3009,0
170,1716,1
1673,3257,1
579,2207,0
1305,2840,0
2389,3252,0
1004,1569,1
1237,2944,0
3087,3232,1
1437,3015,1
321,1464,0
1995,3053,1
1714,2017,1
1595,1948,0
757,3043,1
1898,2975,1
470,3132,0
752,1950,1
1567,2240,0
604,1243,1
615,1576,1
862,1230,1
2171,2869,0
1649,2272,1
1291,2412,1
2965,3037,1
761,1735,0
255,3031,1
977,1430,0
1005,3141,0
2819,3152,1
672,1809,1
1222,1596,1
2062,2623,1
1357,2647,1
508,2430,0
1663,2652,0
1530,3056,0
1223,3050,0
432,2263,0
588,781,0
1458,2432,0
390,1312,0
32,2380,1
821,3149,0
2423,2653,1
896,1617,0
592,1645,0
267,2286,0
897,2432,1
33,713,0
106,312,0
19,1613,0
1142,1714,0
711,1277,1
608,1151,1
2920,3120,1
221,1071,0
158,2258,0
1154,2057,1
2232,3270,0
1182,2238,0
1349,3092,0
2119,3046,1
169,491,1
598,1423,0
1992,3003,1
7,2843,0
1337,2296,1
455,1746,1
840,1172,0
1055,2986,1
311,467,0
1537,1811,0
699,2320,0
1320,2089,0
1070,1783,0
87,1354,0
25,1596,1
381,3083,0
1161,1985,1
901,1319,0
2554,3280,1
1436,2442,0
274,2326,0
2067,2878,0
1802,2053,1
299,1823,1
31,3117,0
789,2389,0
2522,2591,1
1063,1328,1
547,1964,1
1040,1582,1
1158,2997,0
683,2633,1
1824,3148,0
161,1931,0
365,3032,1
41,695,1
1630,1716,1
146,834,0
1249,2240,0
2017,2031,0
700,968,0
2542,3324,1
612,1929,1
1401,2874,1
1235,2696,1
839,2229,0
2082,2882,1
2503,2800,1
1932,1984,1
1841,2171,0
1370,2105,1
1546,2256,0
1177,2912,0
1147,1260,0
1410,2298,0
599,2642,0
554,1186,1
2404,3011,0
823,1002,0
461,2029,1
1030,2932,0
1244,3186,1
1052,1932,1
577,1307,0
1794,2366,1
928,2965,0
301,2914,0
1089,1328,0
409,2754,1
121,1935,1
547,2062,1
726,732,1
1401,2551,1
318,573,0
1405,2323,1
2216,2557,1
330,2929,1
2624,2776,1
612,837,0
1539,2969,0
112,1730,1
1413,1997,1
1211,2129,1
1900,2225,0
547,2761,1
1438,3178,0
89,2922,0
1745,2405,1
896,1293,1
1118,2911,0
276,2809,0
755,1544,1
2400,2988,1
1307,1315,0
2393,2927,0
274,2216,0
1212,1979,1
453,3078,0
1047,1778,1
1001,1475,1
3092,3139,0
1442,2685,0
1126,3208,0
836,3262,1
432,1961,1
1847,3109,0
110,909,0
1931,2933,0
538,1601,1
1338,2919,1
785,958,0
903,1954,1
1940,2611,1
693,2361,0
2357,3311,1
857,2663,1
1632,2402,0
1047,2961,0
915,1406,1
1424,2844,0
1671,3026,0
1550,1699,0
867,1412,1
1221,1567,0
871,2794,1
557,1315,0
2084,2352,1
242,2336,1
316,3218,0
47,342,1
1222,2474,1
441,720,1
1221,1993,0
320,3156,1
1200,2747,0
254,2666,0
1030,2637,1
327,3324,0
795,1566,0
1480,2728,1
395,3099,1
170,2276,0
2012,2915,0
2924,3191,0
963,2189,0
1972,2556,0
600,731,1
354,3259,0
180,1047,1
1431,1869,0
260,1186,1
438,707,1
1441,1611,0
1372,2935,0
1903,2590,0
292,2819,1
280,348,0
776,3194,1
586,1791,0
1281,3148,1
843,923,0
0,890,0
1310,2080,0
2781,3186,0
2031,2610,1
1155,2539,1
1124,2377,1
640,2966,0
545,2903,0
191,1757,0
1728,3236,0
1503,1975,0
1360,1855,1
108,3099,1
222,406,0
21,2279,1
242,800,0
614,2522,1
1341,2400,0
374,827,1
70,1215,0
2302,2727,0
77,1691,0
443,707,1
590,1421,0
312,864,0
2376,3100,1
1409,1634,0
254,1605,0
1258,2389,1
1497,2065,1
931,2519,0
1615,2335,0
1095,2528,0
1466,3078,1
1237,2112,0
992,2813,1
513,2358,1
1836,1846,0
223,1202,1
2224,3271,1
409,1785,1
2627,2916,0
843,851,0
1770,1902,1
946,1851,1
50,1929,1
780,2166,1
52,429,0
1863,2786,0
2106,2822,0
2754,3069,0
718,2950,0
130,1352,1
156,804,0
1775,2914,0
2113,2414,1
1353,1758,0
859,2479,1
755,2878,1
1806,3269,1
1089,2322,0
2211,2420,1
1198,1811,1
1948,2257,0
2044,2581,1
1131,1621,0
252,588,0
1213,2440,0
1186,3104,1
1239,2618,0
1263,2165,0
997,2994,0
862,2808,1
818,2846,0
1244,1957,1
2674,2868,0
1892,2216,0
2068,2721,0
1039,1866,0
181,846,1
92,2768,0
1339,2533,0
1915,2518,0
92,2480,0
1247,1646,1
2654,3061,1
2283,2710,0
853,2884,1
2896,3219,1
667,1358,0
821,3279,0
2139,3166,1
2940,3017,1
2166,2383,1
299,1582,1
462,1701,1
1507,1803,1
1744,2630,0
577,2258,1
1552,2405,0
2098,2287,1
578,2663,1
303,398,0
1839,2884,1
88,1673,1
780,1716,1
145,2160,0
94,2923,1
2913,3096,0
585,1437,0
36,3312,0
957,3251,0
396,922,1
2382,3058,0
2205,2595,0
1527,2624,1
323,1446,0
727,2421,0
1340,2935,1
1432,1835,0
1785,3012,0
392,2361,0
1946,2412,1
826,2056,0
1812,2874,1
1196,2717,0
2313,2923,0
1437,2493,0
2299,2474,1
2017,2168,1
1662,2908,0
242,1163,0
1428,2347,1
1257,1870,0
682,2082,0
1995,2449,0
82,892,0
1233,2300,0
213,2453,1
26,3180,0
1594,2028,1
799,3283,1
106,299,1
611,1194,0
1104,2862,0
895,2782,0
1086,1299,1
1726,1929,1
947,2614,1
2539,2691,1
2676,3312,1
773,2558,0
2083,2911,0
1915,3244,0
66,2286,1
1569,3123,0
1066,3086,1
345,2585,1
418,1684,0
395,1752,0
962,2499,0
721,1223,0
69,1605,1
272,1739,1
1046,1958,1
858,2412,0
1344,2180,1
137,1038,1
38,2619,1
2448,3147,0
322,1372,0
430,2963,1
1916,2012,1
1758,2529,0
1113,1478,1
748,2570,1
1929,2223,0
407,1668,1
1079,1186,1
1583,2116,0
92,1878,1
584,789,0
421,1770,0
215,861,1
2691,2994,0
1271,1717,0
1433,2386,0
452,1698,0
2205,2968,1
811,3179,0
24,131,0
1336,2603,0
389,685,0
39,1913,1
876,2969,1
3108,3290,1
161,1001,0
357,491,0
688,1114,0
1570,2310,0
1601,3271,1
2141,2662,0
2166,2246,0
915,1194,0
1519,2047,0
344,2389,1
2070,2878,1
1519,2494,0
1174,2864,0
1888,2884,1
1388,1943,0
1824,2087,0
2201,2539,1
852,2452,1
804,2096,1
672,1411,1
2932,3085,0
1482,2010,0
753,1298,1
1126,2570,0
652,894,0
1875,2574,1
1274,2322,0
56,667,0
1555,2522,0
1726,2145,1
55,1030,1
123,3236,0
550,1397,1
2696,2866,1
62,2802,0
1631,3251,1
696,2866,0
723,1112,0
688,2981,0
1263,2695,0
764,1561,0
1186,1685,1
831,2193,0
1631,3054,0
1121,1706,1
179,1985,0
787,1758,0
64,395,0
1565,2061,1
1669,1911,1
1458,2724,0
724,1312,1
1147,2699,1
2042,3245,0
315,2573,1
432,1398,1
3211,3276,1
916,1191,0
2491,2990,0
11,1856,1
2199,2260,0
1343,3069,0
193,1989,1
1902,2938,0
155,1171,0
1586,1636,1
2754,3089,1
860,2548,1
384,1489,0
279,3294,0
308,3127,0
2096,2822,0
564,844,1
1166,1406,1
47,2822,0
425,1333,1
743,3126,1
1192,2412,0
446,2632,1
610,631,0
137,2963,1
1054,2995,1
1186,2154,1
252,1033,0
554,3004,0
287,1601,0
2351,3176,0
1482,2973,1
753,1186,1
2328,3163,0
107,3249,1
841,1605,0
2757,2891,0
488,1832,0
1737,2658,1
44,636,0
1240,1268,0
418,1526,1
1208,2167,1
2225,2661,0
1699,1939,1
499,2909,1
522,735,0
734,2007,1
688,3292,1
927,2884,1
1042,2075,0
321,1246,1
846,2149,0
862,1010,1
1746,2764,1
2041,2997,0
1290,2086,0
2212,2677,1
1530,2896,0
476,3197,1
2052,2287,1
158,2765,0
1989,2450,1
668,1662,1
385,1329,1
1911,3293,0
388,651,1
877,1749,0
33,685,1
2894,3036,1
173,193,1
1798,1981,0
1727,2295,1
223,487,1
91,1823,1
2418,2615,0
585,3308,0
114,167,1
395,1140,1
88,2034,0
1279,1797,0
69,1091,0
596,2032,0
574,1659,0
410,2354,1
939,2200,1
41,2052,1
473,2637,1
2672,2951,0
1808,2602,1
2035,2895,0
442,2586,0
964,2354,1
1047,1842,0
265,445,0
293,1716,1
393,3033,1
2532,2656,0
1346,1515,1
354,1599,0
719,1657,1
1484,1772,1
491,1580,1
12,1929,1
1898,2326,1
2284,3085,1
101,2718,0
203,2364,1
685,963,0
68,2765,0
2467,2763,1
502,1011,1
588,868,1
297,2356,1
628,2603,0
160,2139,0
148,1270,1
396,1793,1
479,2384,0
416,1653,1
830,2351,0
796,2629,0
1130,2108,1
1507,3287,0
722,1605,0
1986,2323,0
1405,2109,0
1516,2882,0
1261,2376,1
426,1956,1
946,1068,1
1957,3186,1
1655,2213,1
221,1482,0
22,2757,1
36,3008,0
2327,2743,0
1622,3003,1
695,1615,1
388,2116,0
1694,3018,0
240,3055,0
1795,2037,1
1195,2825,1
233,982,0
301,2290,1
1317,2096,0
1136,1672,0
220,1537,0
1038,1186,1
2892,3008,1
610,1068,1
165,275,0
1147,3278,0
210,2251,1
537,1749,0
1253,2721,0
3072,3135,0
1592,1922,1
1980,2338,0
2054,2360,0
1624,2240,1
1186,2221,1
1992,2520,1
2005,2031,1
704,1420,0
391,3197,0
1426,2952,1
7,1983,0
877,1427,0
1669,1766,1
902,1590,0
608,739,0
2126,3179,1
63,1180,1
1090,1944,0
2404,2666,0
224,1631,0
1165,2716,1
1250,1345,0
395,1040,1
2231,2927,0
1179,1553,0
2253,3281,0
490,1533,0
535,1002,1
3174,3308,1
1984,2433,1
683,1431,1
296,1151,0
1714,2080,1
1110,1900,1
925,2222,0
2156,2624,0
2251,2554,1
1629,3038,1
186,1753,0
1429,2519,1
416,3199,1
1825,2659,1
2167,2894,1
942,3084,0
1119,1329,0
373,553,1
2409,3085,1
68,1616,0
2108,3269,1
5,1866,0
2432,2717,0
2849,3025,1
3046,3252,1
530,2231,0
1342,2364,1
2203,3293,0
942,3254,0
509,2020,0
631,3024,1
511,2559,1
292,2020,1
559,1495,1
157,1735,1
916,1071,0
1771,2591,0
202,1131,0
322,1009,0
1186,2666,1
92,2617,1
1690,3015,0
49,413,1
276,3182,1
156,690,0
411,973,1
958,2653,1
367,797,1
396,3213,1
946,2611,0
332,1855,1
299,2124,1
644,1657,0
793,2356,0
1978,2806,0
961,2785,1
1281,2068,1
1738,2347,1
494,867,1
1747,3297,1
727,2704,0
2822,3276,1
1103,2251,1
1484,3264,1
951,972,1
1154,3094,0
22,2252,0
1472,1488,0
1779,3249,1
792,1902,0
138,917,1
2124,3280,1
1490,2552,0
2039,2326,0
1441,3246,0
1200,3096,1
2045,2354,0
169,511,0
69,2489,0
925,3279,1
1085,2133,1
80,2484,0
899,2404,1
1062,2843,1
125,2795,1
90,3063,0
784,2722,0
23,3182,1
1834,2557,0
512,3282,0
721,1233,0
2098,3002,0
2523,3071,1
131,263,0
1226,3318,0
487,498,1
2076,3147,0
564,2413,1
495,585,0
1017,2511,1
72,486,0
519,2090,0
1062,2173,1
402,2848,0
1649,3202,1
774,945,1
827,3044,0
369,1592,1
2623,2984,0
1196,2630,0
2065,2150,0
50,2575,0
1830,3151,1
96,1454,0
1494,1803,1
561,1949,1
263,752,1
1964,2963,1
672,1900,0
2559,3280,1
828,2568,0
1734,2596,1
924,954,1
1674,2931,0
2657,2965,1
328,541,0
2183,3048,0
2952,2982,0
858,1119,1
1096,2013,1
1704,3016,1
1026,3198,0
218,304,0
385,584,1
260,3280,1
13,1744,1
2731,3192,0
1067,2269,0
1667,2871,0
467,1796,1
2223,3276,1
778,1511,0
547,1739,1
2243,2734,0
2529,2596,1
505,2756,1
1367,2916,1
1598,2732,0
237,1073,1
495,2316,0
180,982,0
1180,2034,1
2133,2808,1
1054,3115,1
1999,3169,0
909,3289,1
2224,2413,1
1596,2474,1
550,2047,1
189,2394,1
2174,2941,0
571,3063,1
1809,1911,1
1776,2673,0
1903,2810,0
223,1314,0
550,1712,0
965,2323,0
679,727,1
260,876,1
957,1678,0
435,1230,1
167,2556,0
1849,1976,1
380,2420,0
5,3102,0
1149,1518,1
1274,2593,0
1996,2997,0
739,823,1
2089,2170,1
540,1208,1
1877,2764,0
784,1008,1
792,2714,0
333,3177,1
76,901,1
1126,2457,1
2128,2324,1
404,907,1
458,3239,0
1693,1746,1
858,3058,1
917,3077,0
977,2553,1
1300,1564,0
582,3292,1
743,2422,1
1668,2963,1
1435,1477,0
1212,2200,1
1013,2857,0
764,1662,1
1513,2760,0
34,2097,0
1179,3097,1
1360,3112,0
50,3014,0
2119,2241,1
1106,1817,0
844,2614,1
1221,3309,0
623,2185,0
64,802,1
1298,2124,1
2250,2388,1
1047,2707,1
443,2334,1
1454,2697,0
1829,3018,1
124,2156,0
1162,1670,1
1684,2166,0
1903,2553,0
2579,2618,0
1506,2502,1
1137,1450,0
1404,2716,0
286,2278,1
933,2216,0
1390,2934,1
282,1434,0
1471,2305,1
401,2520,1
224,860,0
1031,2799,0
626,1676,1
888,3280,1
1001,2666,0
1563,2349,0
2111,2163,1
1075,1531,0
1772,2663,0
1900,1996,1
2207,2486,0
138,1209,0
1747,2550,0
66,3078,1
547,1226,1
544,2120,0
95,1749,0
322,995,1
2189,2440,1
500,1079,1
1850,3270,0
1630,2113,1
758,1780,0
159,1347,1
171,889,0
700,1661,1
1519,3271,1
1992,2124,0
1722,2805,1
547,3324,1
203,2293,1
1043,3230,0
1938,3214,1
650,1342,1
1106,2140,0
710,1385,1
1626,1916,0
427,1774,0
218,3226,0
175,2974,0
1203,3012,0
2400,2504,0
124,437,1
1925,2826,0
2440,2545,1
1929,2051,0
1634,2416,1
1994,2425,0
1748,3016,0
844,1679,1
1405,2474,0
1536,1707,0
2279,2846,1
428,2164,1
953,1041,1
418,3119,0
658,1918,1
855,2063,1
1558,2582,0
2754,3265,1
125,481,0
897,2559,0
1646,2631,1
709,3326,0
357,1445,1
175,2939,1
299,1270,1
2466,2809,0
1879,2011,0
1962,3159,0
1021,3251,0
212,1370,1
862,2648,0
1815,2774,1
450,3031,0
1746,2244,0
911,3280,1
87,2831,1
1593,2244,1
1656,1807,1
570,3135,1
394,1381,1
1240,3007,1
1040,1790,0
1237,1945,1
2050,3169,1
2353,3269,0
2850,2947,1
1617,2303,0
260,2189,0
2549,3296,1
2246,2263,0
340,2403,1
1290,1731,0
265,1911,0
1280,2826,1
714,1095,0
610,1407,0
1804,2597,1
1197,1753,1
1054,2176,0
411,3221,0
1925,3304,1
863,2726,0
1700,3144,1
1422,2803,0
29,1830,0
783,2677,0
968,1058,1
286,967,0
2060,2192,0
2323,3144,0
247,3058,1
2506,2525,0
1953,2361,1
668,1427,1
2301,3080,1
388,1186,1
420,2036,1
2913,3061,0
1349,3155,1
621,1535,0
680,2390,0
901,2715,1
946,3184,1
2683,3172,1
841,1396,0
436,1123,1
1400,2156,0
2832,3202,0
2180,2940,0
1888,2868,0
977,1276,0
414,2788,1
735,933,1
440,1102,0
576,2962,1
468,1599,0
352,554,1
1195,3043,1
1810,2292,1
1209,2595,0
1884,2738,0
743,2241,1
1221,2288,1
242,1980,0
740,1645,0
1502,2404,1
804,900,1
757,1387,1
1262,3317,0
1913,2213,1
66,2020,1
91,1925,0
205,1517,1
707,1409,1
808,1016,0
193,2080,1
2820,2986,0
248,3201,0
785,3188,1
2505,3008,0
2658,3104,1
651,1739,1
2605,3311,1
1462,2919,0
2268,2645,0
1191,2764,1
11,2456,0
638,3226,0
1426,3060,0
449,2093,1
156,1140,1
2563,3066,1
108,2954,1
40,343,1
31,646,1
712,1186,1
2896,3126,0
142,2035,1
694,1519,1
870,2582,1
1314,1814,0
573,1726,0
484,1441,0
560,1673,1
1815,2179,0
1049,1763,0
838,1951,1
2283,3119,0
1308,2259,0
742,1818,0
470,2251,1
251,583,1
1337,2765,0
484,3325,0
1004,2349,0
900,1411,0
2936,3199,0
596,1327,0
1128,1613,1
399,1151,0
126,727,0
1131,1746,1
3236,3295,1
1436,1562,1
1529,1631,1
1278,2495,0
554,2057,0
1750,2511,1
330,827,1
140,590,0
23,1128,1
324,3126,0
1232,1914,1
317,2903,0
1476,3293,1
2333,3075,1
557,3089,1
2395,3171,1
1127,2884,1
2281,2847,0
436,1973,0
781,1206,0
514,3310,0
1064,2405,1
2736,2799,0
2129,2525,1
914,1174,0
1,1799,1
418,2149,0
369,3144,1
1440,2863,0
1705,2281,1
2106,3280,1
216,2233,1
636,2312,1
464,651,1
143,2866,0
831,2584,0
1506,2701,0
2402,3152,0
357,2189,1
23,2478,1
111,3153,0
2590,2954,0
1720,2260,1
55,1843,0
1020,1454,0
74,464,1
106,3280,1
127,817,1
872,3281,1
1173,3089,1
1044,2167,1
1612,2076,1
465,3034,0
173,1148,0
1084,2309,0
32,1453,0
1650,1922,1
1271,1445,0
2031,2457,1
934,2796,0
22,1941,0
2370,2484,1
905,2945,0
2717,3191,0
708,2971,0
693,1941,0
1261,2665,1
677,2752,0
2637,2844,0
738,3159,0
1040,1715,1
252,386,0
2172,2921,0
249,1449,0
1764,1870,1
2762,3305,1
2012,2360,1
2877,3111,0
200,3101,1
923,2557,0
1550,2107,1
2154,3029,0
1924,2081,0
1192,1822,1
2066,2809,0
650,1697,1
1463,2682,0
696,1432,0
1048,2600,0
1822,2898,1
1400,2780,1
1964,3280,1
836,2113,1
14,2951,0
609,2083,0
981,1875,0
2416,2588,1
254,1588,1
75,2688,1
322,411,1
512,2426,0
955,1501,0
601,3289,1
1093,2892,0
1777,3228,0
1349,1626,0
2212,3149,1
1189,2653,1
393,1147,0
327,1719,0
607,2266,0
456,478,0
1329,2639,0
412,2653,0
3167,3257,0
1389,2086,0
386,2375,0
1059,2984,1
1849,2144,0
368,3089,1
177,1383,0
193,1975,1
2485,3101,1
762,1016,1
862,1684,1
452,1599,1
621,1797,0
759,2872,0
1546,2740,0
1245,2598,0
6,1409,0
137,2261,1
378,1265,1
2841,2861,0
711,1754,0
1238,2694,1
435,3137,0
319,2226,1
552,1454,0
16,2771,1
1781,2210,0
544,815,0
18,2609,1
1257,1985,1
2754,3290,1
356,2743,0
984,2366,0
1312,1884,1
666,1040,1
1362,1578,1
14,1186,0
1804,2660,1
1165,2139,1
554,2232,0
1872,2794,1
1031,1957,0
923,2756,0
1769,3142,1
852,3304,0
467,543,0
1570,2326,0
2030,2984,0
312,2445,0
67,609,0
534,585,1
2266,2271,0
1073,2704,0
755,920,0
2123,2213,0
2533,3038,1
2918,3152,0
937,1457,0
882,1558,1
653,3154,0
1567,2110,0
116,1569,1
416,1992,1
263,446,0
2478,2859,1
735,3014,0
130,239,0
547,3280,1
768,3051,0
810,3036,1
2448,2802,0
2128,3252,1
58,2797,0
132,1541,1
153,2781,0
2901,3148,0
716,2964,0
900,3104,0
241,1849,0
1401,1667,0
551,2857,0
97,2531,0
1040,2642,1
1290,2838,1
819,1940,0
1253,2884,1
892,971,1
2365,3133,0
687,2284,1
2046,2279,1
973,2257,0
1898,2269,0
726,2068,1
702,1742,0
409,2062,1
1860,3026,0
2884,3104,0
2261,2867,0
291,1879,1
2531,2955,0
850,2698,0
871,2889,0
142,1172,0
54,2325,1
127,136,1
2155,3167,0
2096,2900,0
252,2435,1
1107,1806,0
431,2656,0
718,2450,1
1250,2109,0
2159,2273,0
820,2371,1
547,606,0
1958,2925,0
1936,2625,0
2361,2650,1
1011,1138,0
1873,2366,0
1153,1555,0
168,2622,1
405,1877,1
104,681,0
1062,1171,1
1234,2824,0
480,2580,1
1340,2910,0
590,2047,1
2638,3084,0
2035,2418,1
3068,3097,0
2093,3081,0
336,990,0
2293,2499,0
459,2513,0
947,3059,1
230,538,1
1011,1177,0
370,626,1
1413,2395,1
237,2912,1
1058,2150,0
1721,2485,0
1478,2600,0
346,3078,1
2668,3290,1
692,982,1
540,1349,0
974,2432,0
491,887,1
2842,3274,0
319,448,0
1622,2658,1
2439,2561,1
669,886,1
379,2736,1
486,2217,0
1186,1226,1
141,3136,1
2,1494,1
1161,2413,1
469,3057,0
27,2273,0
1084,1786,0
2534,2644,1
1975,2450,1
887,951,0
1877,2111,0
816,2902,1
320,686,1
229,2611,0
115,1009,0
782,1894,1
1953,2892,1
1941,2122,0
760,1617,0
911,1298,1
729,2538,0
1003,2210,0
2009,2754,1
1802,2482,0
1675,3038,0
471,1722,1
2301,3249,1
162,1589,0
762,2054,1
38,2658,1
1496,2703,1
152,3038,0
1517,3022,0
1090,2208,0
595,2330,1
2884,3255,1
1557,2793,0
518,1098,0
1603,2282,1
1775,2942,0
1312,3107,1
1746,2223,1
607,1266,0
577,1918,1
1166,2995,1
379,1646,0
1204,2562,1
558,919,1
1130,2251,0
3085,3196,1
34,1871,0
1549,1725,1
363,1180,1
1555,3067,0
98,260,1
1037,1879,0
1234,1614,0
202,3312,0
331,3261,1
1857,2265,0
1659,2696,0
1091,1420,0
511,2154,0
947,2183,1
1995,2818,1
66,3034,1
489,684,0
2238,2336,1
1782,3294,1
97,2723,1
1921,2176,1
816,1887,1
1564,2016,0
431,1322,1
2923,3247,0
1425,2836,0
605,1105,1
1167,2515,0
551,1080,1
2125,3009,0
2236,2591,1
2553,3116,0
1308,2001,0
557,2817,0
108,1653,1
1472,2523,1
2133,2884,1
1406,2687,1
345,882,1
346,1118,1
1888,2822,0
308,2847,1
555,1939,0
43,3287,1
244,3228,0
104,551,0
689,2152,0
123,3052,1
1102,1223,0
2953,3054,0
759,1757,0
2259,2665,1
726,2424,0
1984,3150,0
2236,2522,1
466,501,0
2243,2884,1
1363,1825,0
1282,2233,1
2259,2670,0
1366,2734,0
21,1951,1
547,2154,1
709,1833,1
905,3078,1
1115,3208,0
2978,2997,0
9,1916,1
564,1519,1
230,1305,1
1992,2518,1
2080,2969,1
882,1230,0
1395,2866,1
2982,3309,0
1021,1576,0
2019,2212,1
1812,2559,0
1241,3002,1
318,2660,0
696,1616,1
516,3215,1
1484,2035,1
1040,2088,1
260,470,1
603,1777,1
1539,1913,0
299,3265,1
1569,1855,1
1040,2062,1
614,2236,1
1755,1759,1
239,3019,0
422,2165,1
1059,2763,0
1936,3317,0
2426,2547,0
1297,1799,0
310,1850,1
212,1736,0
1229,1514,1
221,2641,1
1748,3045,1
1578,1953,0
2062,2080,1
1197,2061,1
2507,2547,1
3075,3318,0
505,2902,0
89,376,1
1157,1387,1
490,2556,1
1983,2230,0
718,2245,0
733,2369,1
320,1601,1
236,2405,0
742,1372,1
325,2759,0
1145,1669,0
2526,2613,0
1026,1225,0
593,1367,0
1101,2113,1
2625,3267,1
2803,3018,0
1995,2394,0
560,2463,1
270,2294,1
438,661,1
156,3266,0
473,2935,1
2736,3067,0
547,753,1
2315,3277,0
2448,2661,1
1171,2194,1
246,2063,0
346,1485,1
553,2076,1
2460,2893,0
1419,1501,0
2315,2478,1
1084,2772,0
904,1872,0
292,1346,0
3093,3257,0
637,896,0
2876,3194,0
2146,2171,1
12,2899,0
1675,3135,1
1009,1778,1
2326,2734,0
1284,2401,0
1190,2624,1
279,1897,0
544,1717,0
41,3073,0
182,1383,0
1653,1951,1
528,2091,1
24,3035,0
1406,1799,1
547,2616,1
2266,2368,1
961,1720,0
1877,2790,0
1086,2124,1
1399,1617,0
130,476,1
241,2529,0
2467,2637,1
996,3253,1
23,1771,1
721,2444,1
821,2210,1
1256,3078,0
578,1778,0
70,1920,0
1110,1546,1
1622,2183,1
1030,3249,1
1174,2977,1
387,2387,0
90,240,0
1393,1933,0
158,3299,0
822,3073,0
1712,1838,0
409,739,0
844,947,1
426,1384,1
597,2755,1
467,3115,1
1429,1479,1
288,2479,0
1267,1933,0
916,1997,1
980,2630,0
1744,3276,1
122,562,0
2166,2707,1
1704,3273,1
547,2673,1
121,2099,0
1989,2118,0
785,2657,1
136,817,1
2109,2859,1
1075,1477,1
1716,2166,1
1186,2340,1
2124,2193,0
30,816,1
369,2430,0
86,1883,1
520,539,1
155,2178,1
1507,3110,1
2202,2413,0
1186,2450,1
554,1161,1
362,573,1
545,2167,0
446,2547,0
1927,2684,1
1218,2381,1
138,1483,1
265,2301,0
1362,2574,1
1034,1801,1
2537,2859,1
1982,2365,1
551,3141,0
753,1342,1
192,3133,0
1692,2277,0
79,1867,0
34,613,0
1410,2366,0
1226,2158,1
537,3218,1
1571,1755,1
1302,2395,0
299,2826,0
1568,2131,0
868,2494,1
312,642,1
329,1194,1
1009,2630,0
1507,3077,0
674,1798,1
2459,2862,0
2630,2884,0
1682,2767,0
1050,2152,0
1026,2431,0
859,2516,0
85,3255,1
1686,3012,0
2172,2186,0
950,1284,0
1584,2310,0
1219,2122,1
1491,2884,1
131,1312,1
130,3197,1
2161,2360,0
1982,2598,1
1446,2555,0
1135,1920,1
2346,2507,0
1187,2261,0
65,307,1
1601,3317,0
547,1112,0
776,1548,1
284,710,0
1103,1319,0
1069,3210,1
1863,2616,0
2337,3139,1
745,1186,1
3147,3171,1
1568,1628,0
1684,2318,0
835,2469,1
1268,1343,1
1167,3017,0
427,2656,1
975,3071,0
729,1812,0
46,1526,0
261,3164,0
108,1823,1
379,2030,0
1288,1933,0
2884,3112,1
1012,3036,1
1909,1976,0
1285,3085,0
4,2099,0
1610,1775,1
1841,2488,0
1205,3138,0
290,3065,0
823,1856,1
1636,3102,0
2349,2556,1
3084,3179,1
12,443,1
485,1720,0
2858,2916,0
1714,3089,1
1136,1605,0
2645,3189,1
325,936,1
809,2298,0
2820,3324,1
1506,2829,0
346,945,0
305,2500,0
62,163,1
650,3108,1
2838,2998,0
1035,3052,1
1680,3104,0
1113,1675,0
144,2520,0
1657,2617,0
1235,1502,0
1274,2088,0
1669,2801,0
2078,2222,0
473,3287,1
1572,2033,0
1739,1794,0
2157,2648,1
52,2738,1
66,1469,1
1013,1634,0
557,2017,1
2023,3214,1
1406,2870,1
915,2560,0
3150,3254,0
2266,2469,1
588,2548,1
1726,3288,0
277,1289,1
2049,2618,0
589,1404,0
965,1632,0
3123,3163,1
2851,2863,0
1139,1186,1
478,1475,0
1789,2735,0
1186,2057,1
172,3189,1
1507,3073,1
123,2958,1
692,1482,1
371,1438,1
1975,2754,1
1826,2369,0
483,2617,0
813,1279,0
2823,3317,1
491,1461,1
196,2357,1
2594,3208,0
1565,2009,0
1862,3003,0
339,2500,1
708,1856,1
1460,2608,1
150,2101,1
2599,2984,1
1173,2388,0
790,3192,0
1644,2938,1
209,1369,0
1346,2308,0
734,1080,1
193,2168,1
764,2389,0
2142,2654,0
690,1073,0
1396,2803,0
211,2447,0
2328,2988,0
1364,3023,0
2124,2754,1
529,1915,0
2664,3179,0
264,2750,0
1186,2565,1
247,1396,0
827,2955,1
2378,2652,0
290,2098,0
3010,3265,0
453,2339,0
2108,2684,1
488,675,1
1809,2466,1
2997,3103,0
1709,2602,0
427,2355,0
460,2065,1
1366,2025,1
196,1120,1
1830,2763,0
2052,2221,1
1186,3265,1
572,2469,1
1399,1846,0
739,1809,1
1835,3047,0
923,1062,1
352,2041,0
336,2668,0
2034,2623,1
1542,1707,0
781,2155,0
926,1144,0
1786,2078,1
233,506,0
1371,2945,0
479,1206,0
1038,2221,1
1388,1482,1
874,2567,0
1492,2236,0
1026,2445,0
2016,2912,0
1410,1923,1
36,50,0
306,2671,0
993,2415,0
1085,1684,1
2375,2594,1
489,769,0
1881,1909,0
942,1055,1
2117,2530,1
448,2707,1
1828,2727,1
1372,3029,0
1786,2983,0
44,2884,1
2065,2701,0
2707,3083,1
598,2086,1
387,2445,1
504,3238,1
934,2160,0
787,2628,1
293,1063,0
1004,2624,1
1861,2968,1
2754,3108,1
844,1040,1
127,631,1
1951,3238,0
1193,3313,0
1044,1495,0
917,1418,1
666,2921,0
61,1956,1
487,2483,1
836,2250,0
83,140,0
2296,2571,0
2928,3186,0
2041,3147,0
1503,1555,1
2210,2343,1
775,1121,0
904,2163,0
1601,3104,1
551,1941,0
651,2251,1
1350,3282,0
1340,3287,1
1076,1654,1
367,1212,1
1379,2721,1
2614,3271,1
2159,2784,1
90,753,0
188,2272,1
94,314,1
2682,3293,1
720,2966,1
172,237,1
311,952,1
1123,1864,0
1300,1587,1
631,1215,1
665,1522,1
761,2580,0
372,2148,1
805,1845,0
697,3232,0
1112,2537,0
2413,3099,1
185,1230,0
388,1086,1
1683,1729,0
530,1463,0
1961,2906,0
1202,1685,0
684,2875,1
1669,2476,0
2630,2811,0
445,1915,0
177,2653,1
200,833,0
1,3198,0
964,2891,0
2458,2554,0
1093,1314,0
413,2559,0
2342,2980,1
31,1712,0
456,2551,0
2006,3190,0
1173,2154,0
1658,3227,1
1467,3003,1
2236,2469,0
77,851,0
405,2105,0
649,1681,0
746,1066,1
117,1930,0
1150,1290,0
490,2062,1
141,2920,0
173,2754,1
969,3108,1
1727,2504,0
1704,1911,1
2490,2624,1
2723,3148,0
465,3105,1
1894,2293,0
2326,2867,1
1657,2120,1
161,457,0
485,3017,1
1039,1312,1
404,491,1
1227,2679,0
334,2325,0
235,1597,0
875,2690,1
1465,3134,0
1433,1972,1
1023,1231,0
15,1143,1
1394,1685,0
367,1447,0
138,2764,0
590,1397,1
4,1191,0
1060,1764,1
677,2960,1
707,1726,1
1257,1272,1
70,2061,1
1270,1951,1
1186,3107,1
1595,1640,0
1308,3277,1
2403,2736,0
547,2221,1
292,3308,1
175,2323,1
1106,2050,1
547,2542,1
2280,2495,0
479,1183,0
1167,1484,1
329,2274,1
119,1112,1
544,3077,1
1217,1703,0
2523,3311,1
755,837,0
2236,2762,1
423,1989,0
1766,2696,1
87,1248,0
1846,2361,0
368,1290,1
1164,2876,1
341,2115,1
2044,2860,0
296,2021,0
595,1022,0
578,2433,0
529,584,0
1710,3130,1
1675,3228,0
354,1897,0
1964,2021,1
1672,2802,0
875,1085,0
27,978,0
2061,2198,1
2454,2743,0
718,1739,1
1068,3280,1
420,1031,0
1206,2325,0
626,3131,1
1049,1866,0
399,1599,0
243,1868,0
1352,3155,1
666,1574,0
1069,1210,1
979,3054,0
315,710,1
2668,3102,0
246,1374,1
2819,2922,1
1004,1749,1
83,1311,0
0,470,0
110,918,1
2019,2189,0
1988,2554,1
1114,1854,0
1120,2018,1
456,1089,0
491,1617,1
863,1862,0
2037,3014,1
1009,1333,1
947,1988,1
547,1370,0
2,2989,1
370,1234,1
2141,3307,0
312,2594,0
621,1209,1
825,2291,0
135,1065,0
1359,3032,1
91,939,1
756,2692,1
856,887,0
224,946,1
803,2640,0
345,2362,0
2044,3212,0
1126,2031,1
2398,2486,1
556,2317,1
708,739,1
2011,3070,0
997,1212,0
835,1166,0
1141,1200,1
608,2157,0
950,3082,0
901,1259,1
607,1868,0
1081,1752,0
1874,1950,1
1350,2884,1
696,1778,1
2223,2764,1
1342,2062,1
715,3289,0
797,1120,1
1309,2907,0
1845,1945,1
359,2405,1
1635,1783,1
1115,2177,0
2041,2850,0
760,3105,0
2662,3272,0
11,739,1
2833,3050,1
1073,1992,1
472,1857,1
354,1578,1
707,939,1
2789,3268,0
2618,3242,1
325,408,0
237,1280,1
181,1479,1
1677,1796,0
1837,1880,0
560,1120,0
976,2944,1
1988,2163,1
1496,2384,0
2587,2977,0
1375,1672,1
325,2472,1
1050,2503,1
631,2421,1
330,456,0
985,1247,1
1435,2108,1
590,1995,1
1203,3202,0
1125,2641,1
338,380,1
60,1762,1
1075,1625,1
948,3068,0
1040,3129,1
2552,2786,1
2608,2930,1
479,2180,0
796,1444,0
604,1848,0
1328,2553,1
548,1651,0
1581,2870,1
2467,3199,0
2413,3254,1
1119,2622,0
1897,3218,0
2363,3220,1
1247,2277,0
426,3053,0
71,758,0
605,1451,1
815,1556,1
372,1129,1
111,3319,1
2070,2383,0
381,818,1
329,2090,1
2563,2913,0
1992,2623,1
1602,3042,1
1700,2513,1
1310,1531,1
18,1424,0
451,507,1
1161,1752,1
332,2624,1
650,3290,1
350,557,0
1000,1716,0
651,2254,1
740,3208,0
500,1216,0
902,1639,1
212,1355,0
116,2242,1
1326,1876,1
1697,1963,0
416,1176,0
1951,2712,0
508,2358,0
344,457,0
322,1733,1
236,1143,0
1040,2619,1
2090,2742,1
496,2503,0
1787,2748,0
1069,2141,1
430,2529,1
479,897,0
226,2151,0
1349,1784,0
514,3254,1
207,452,0
1988,2150,1
1709,1732,0
165,2295,1
2491,2537,1
588,1184,1
738,2520,0
701,1675,0
605,1998,1
572,742,0
1544,2947,0
1101,2878,1
650,1272,1
199,1725,0
513,2236,0
2490,2909,0
706,2643,0
2634,3314,0
487,1202,1
711,1236,0
707,1776,0
681,2220,0
311,3005,0
970,1518,1
1186,1312,1
2573,3277,1
183,2946,1
559,2109,0
193,1067,0
1605,2656,1
935,2852,0
2374,3097,1
734,803,1
2135,2884,1
2573,3135,1
547,911,1
1563,2246,0
1009,3186,0
236,2013,0
4,432,0
823,838,1
1882,2299,0
686,698,0
927,2316,1
615,2011,0
1071,1372,0
1040,2117,1
330,2413,1
702,2351,1
106,1186,1
1451,2912,1
407,975,1
44,440,1
1136,2240,0
629,2040,0
1280,1772,0
926,1011,1
1357,3086,0
53,2986,1
1473,2489,0
441,863,0
619,1599,0
1331,1765,1
289,2963,1
1222,3067,0
1894,2297,0
1600,2142,0
1131,1256,1
1578,2059,0
488,3102,0
3274,3289,0
2076,2518,1
436,3050,0
388,718,1
599,2307,1
2283,2982,1
874,2849,1
1161,2062,1
309,1186,1
1272,2124,1
1961,2874,0
2215,3247,0
327,656,0
1366,2148,0
2126,3084,1
193,2976,0
276,1771,1
865,2349,1
1558,3192,1
2721,3154,0
718,1685,1
1618,2645,1
20,936,1
996,2926,1
2258,2674,1
355,2513,1
1447,2121,1
1056,1574,1
326,3135,1
914,3151,0
2575,3226,0
687,3085,1
1887,2638,1
70,1359,0
877,1229,1
2589,2660,0
606,866,0
1288,3089,1
1143,1484,1
38,2663,0
59,3254,0
356,611,1
295,782,1
339,769,0
1603,2470,0
240,2563,0
91,1212,1
1460,2237,1
1977,2545,0
278,1205,1
2022,2353,1
704,2260,1
516,3119,1
313,909,1
2401,3191,1
1646,2249,0
320,2436,0
478,644,0
1247,1263,0
1778,2041,1
54,1684,0
798,2380,0
95,1362,1
824,1205,0
1764,1981,1
2164,2950,0
421,3105,0
875,1596,0
477,2828,0
1622,2912,1
2024,2056,1
192,3200,0
2765,3095,1
476,2743,1
1150,1826,1
391,2408,0
1933,2088,1
3003,3118,0
2675,3052,1
393,3194,1
373,2785,1
564,947,1
620,1680,1
1212,1823,1
635,2534,0
856,1798,0
2076,2658,1
407,847,0
1482,3102,1
199,1793,1
1951,2647,0
473,2264,0
2316,2887,0
2946,3217,0
411,995,1
66,2835,1
685,869,1
3192,3297,1
755,2108,1
1089,1729,0
189,1033,0
24,2079,1
252,643,0
2134,2473,1
1553,2669,1
639,1527,1
2128,2169,1
221,2808,0
2384,2911,0
1871,3232,0
2207,2994,0
1721,3320,0
423,1059,0
927,2024,1
946,1226,1
199,2358,0
511,1909,1
1047,1830,1
3256,3263,0
121,2461,0
1439,1496,0
2361,2675,0
1545,1962,1
1228,2785,1
213,1754,0
50,2698,0
2659,3279,1
639,1491,0
2090,2352,0
552,1922,0
1478,2983,0
632,993,0
38,2076,1
690,910,1
2076,3013,0
1787,2060,0
744,1427,0
2774,2967,1
2135,2904,0
2353,2854,0
164,1062,1
359,2875,0
1357,2225,0
325,1112,0
1495,2961,1
529,1950,1
131,2715,0
2493,2726,1
2673,3297,0
340,1348,0
1474,1636,0
2161,2830,0
836,3055,1
1281,2108,1
1609,3305,0
718,1714,1
1169,1802,0
1030,1470,1
263,2488,1
617,1615,1
931,1675,1
2050,2669,1
775,3178,1
935,2813,0
56,3154,0
1416,1746,1
634,1194,0
2141,2774,1
1411,2623,1
1041,1546,0
2062,3280,1
1180,2285,1
96,1303,1
146,2868,1
664,2935,0
1120,3311,1
1655,2903,0
47,1751,1
2785,3202,0
38,170,0
1605,1938,0
913,2838,1
1406,2266,1
386,2484,0
181,573,1
458,2445,0
880,1213,1
2674,2985,1
2804,3145,1
1323,2634,0
145,959,0
1381,2584,1
3052,3292,1
829,1160,0
193,718,1
146,224,1
1233,2075,0
703,2530,0
1362,2171,0
986,3168,0
712,3161,0
1020,1914,0
2168,3089,1
1584,1981,0
1600,2787,1
1687,2664,0
2566,3241,1
718,2668,1
2113,3276,0
1622,2150,1
17,1549,1
2556,2623,1
283,2082,1
1463,2762,0
1330,2669,0
1677,2104,1
1395,2955,0
1272,2083,1
310,2022,1
1316,2863,1
2163,2555,1
426,3042,0
1545,2395,0
172,1992,1
914,2289,1
885,2113,1
2168,2754,1
753,2336,0
174,760,1
2003,2974,0
83,1744,1
887,3063,1
1516,2421,0
2438,3072,0
1492,2390,0
2112,2389,1
2325,3170,0
484,1784,0
475,1039,1
1364,2574,0
432,1766,0
1974,3321,0
1712,1980,0
108,2820,1
690,3072,0
319,3003,0
868,3091,1
19,1690,0
450,995,1
540,2888,0
621,1845,1
1186,2853,1
992,1626,0
1288,2931,1
986,2576,0
1428,1738,1
1436,1818,0
672,683,0
71,491,1
1454,2113,0
1583,2702,1
2332,2659,1
13,3211,1
1788,2285,0
1291,1377,0
13,1653,0
116,1855,1
705,1260,1
1053,1424,1
235,1206,0
2387,3184,0
1037,1817,0
783,1726,0
45,3096,0
199,1317,1
216,1852,0
94,1094,1
2242,2910,0
268,2790,0
2361,2892,1
715,2446,1
1895,2689,0
2077,2853,1
2702,3185,0
2131,3152,0
574,851,1
3042,3266,1
910,1249,0
879,1692,1
157,1439,0
88,2463,1
2578,3029,0
785,2471,0
1782,2376,0
16,138,1
1233,2055,0
418,2069,0
500,2171,0
23,2216,0
1343,2002,0
106,1906,0
1484,3165,1
547,651,1
445,1059,0
529,1106,0
789,1504,1
2214,3166,0
2125,2595,0
2870,3098,1
1924,2956,0
2061,2349,1
501,1177,0
1826,2815,0
251,1843,0
1579,2890,0
1208,1413,0
0,243,0
848,3104,0
41,2216,0
1433,2354,1
123,2967,1
25,2299,1
8,2951,0
189,1496,0
1536,3070,0
1800,2006,0
113,2418,1
1036,2749,1
2064,2531,1
578,970,0
538,2706,1
545,2958,0
1299,2490,0
1062,2948,1
1179,2657,1
2385,3263,1
1411,1992,1
1855,2776,1
2189,2545,1
1204,2977,0
1512,3128,1
59,1760,1
131,2888,0
1515,3069,1
57,2889,1
2767,3066,0
679,2675,0
434,611,0
1980,2234,0
2025,2797,1
902,2413,0
1169,1174,0
547,3107,1
227,2343,0
759,2681,1
2388,3202,0
1502,3221,1
812,2639,1
239,1396,1
171,2325,0
2062,2076,1
142,3199,0
1179,1298,0
1846,2121,0
787,1530,0
1011,2648,0
348,2884,1
317,1286,0
143,2884,1
449,843,0
629,3101,1
10,2525,1
297,3237,0
491,1480,1
1404,3159,1
669,2737,1
2008,2245,0
758,3019,0
2335,3249,1
907,2344,0
2085,2119,1
863,2052,0
1787,2336,0
106,1226,1
1838,2183,0
718,2062,1
718,2937,0
1134,1909,1
20,2472,1
94,603,1
2350,2462,0
66,3255,1
1912,3009,0
470,2673,1
1622,2378,0
1061,2123,0
56,1381,0
706,2884,1
2475,2634,0
1804,2556,1
260,2746,1
2724,3208,0
887,2743,0
98,1714,1
515,1125,0
132,1863,0
2905,3299,1
1400,3202,0
1471,1712,0
658,1514,0
922,1383,0
371,594,0
1394,1667,1
1726,2200,1
1824,1865,0
933,3173,0
1804,2765,0
1926,2763,0
136,2023,1
108,3206,1
1749,2242,1
123,145,1
1251,1970,0
448,1630,1
857,2634,0
957,1591,1
602,2571,0
786,1482,1
153,673,0
241,2598,0
696,3255,1
978,1580,1
2564,2937,0
2611,3102,0
231,1117,1
2168,3323,1
2080,2957,1
727,1340,1
325,3294,0
1347,2829,1
2126,2253,1
794,1387,0
589,3043,0
372,1980,0
2849,3247,1
130,2743,1
19,1992,1
2212,2969,1
1046,2244,1
1582,2326,0
117,1971,1
821,1080,0
333,1326,0
2058,2985,1
550,2899,1
2832,3150,1
330,2735,1
296,2658,0
24,2763,1
1290,2931,1
2065,3185,0
913,2374,1
1490,2202,0
635,966,0
520,1580,0
1830,3073,1
221,2825,1
517,2125,1
850,1992,1
2274,2821,0
1283,2275,1
1298,3136,1
1040,1380,0
83,1746,1
1631,2800,0
1915,2656,0
902,1733,0
219,675,0
501,2623,1
1216,3175,1
119,1208,1
846,3067,1
440,942,1
350,3200,1
1007,2447,1
916,2263,1
2581,2778,0
61,2964,1
829,1134,0
227,2707,0
2761,3280,1
108,403,0
208,2930,0
1387,1645,0
479,3098,0
987,1347,1
694,2413,1
1460,3270,1
1035,2509,1
618,2478,1
884,3229,0
149,3273,0
1862,1999,0
621,2485,0
1174,2273,0
1257,1795,0
86,1840,0
183,2029,1
547,888,1
438,1929,1
383,1980,1
1364,3197,1
2068,2203,0
1349,2624,1
2677,2847,0
81,1489,1
1031,1574,0
299,2334,1
1496,1750,0
937,2236,1
173,1173,1
2086,3159,0
1068,1186,1
605,1014,1
1684,2133,1
453,1737,1
181,1502,0
1696,2129,0
1506,2522,0
441,989,0
661,781,0
2265,2340,0
123,1398,0
2204,2614,0
572,2230,0
78,1332,0
1608,3047,1
592,2794,1
438,2238,0
31,1562,1
571,761,1
2707,2884,1
682,2779,1
1119,3281,1
38,3179,0
1902,3049,1
743,2688,1
176,3132,0
1408,2906,0
894,1911,1
100,1249,1
1524,1948,0
909,2626,0
1824,3072,0
637,1277,0
2017,3323,1
194,3324,0
2329,2537,1
2062,2969,1
2006,2088,1
1100,2164,1
1712,2809,0
109,429,0
263,1552,1
38,172,1
1716,3255,1
450,1012,0
1227,2598,0
2023,2875,0
1107,3224,1
920,940,1
431,2116,1
1558,2316,0
1477,2123,0
729,3275,0
64,747,0
1403,2447,0
1430,1972,1
844,1208,1
374,1038,0
1650,1752,0
1993,2175,1
2650,3008,1
741,1622,1
687,1628,1
203,2658,1
1547,3272,0
1717,3275,1
554,650,1
1569,1749,1
532,909,0
1363,2360,0
1101,1404,0
246,1259,0
376,2957,1
315,1384,0
457,1102,1
826,2217,0
419,1504,1
1261,1478,1
1166,1963,0
982,2941,1
468,1886,0
1009,1377,1
1411,2076,1
374,1999,1
50,1708,0
1622,3322,0
1028,2988,0
566,2850,1
1094,2913,0
2845,2979,0
2180,2999,0
1405,2373,1
388,547,1
403,2698,1
38,1715,1
1612,2373,0
227,783,0
91,2494,0
153,1065,0
2194,2887,0
870,1582,0
2007,2969,0
1110,2364,0
1165,1358,1
850,2556,1
2141,2686,0
45,1506,0
759,1858,1
247,1186,1
405,2228,0
469,2298,1
1233,2873,0
1360,2624,1
315,1619,1
1973,2521,1
82,2606,0
1615,2326,0
734,1149,1
812,1011,1
1989,2062,1
3017,3146,1
1417,3272,1
976,1334,0
120,2799,0
1706,2920,1
2349,2660,1
1288,1714,1
562,981,0
1101,3075,0
2202,2467,1
1812,2267,1
2234,2657,1
1742,3041,0
196,2605,1
2753,3109,0
1892,2849,0
506,2810,1
2385,2538,0
2441,2800,1
415,1885,1
694,3254,1
415,977,0
1031,2092,0
1443,2774,1
2625,2948,0
2404,3221,1
232,1922,1
1,429,0
475,714,0
1475,2402,1
1874,2938,0
1967,2659,0
175,3065,1
2015,2842,1
1040,1622,1
1145,2729,0
1312,2583,1
668,2927,0
2854,2881,1
766,3243,0
1449,2128,0
547,3206,1
731,1645,0
2544,2586,1
93,2797,1
1278,2535,0
2180,3273,0
456,3196,0
560,2193,0
2048,3006,0
916,2937,1
1255,1996,1
1890,2401,0
1085,1201,1
716,2111,1
552,848,0
1490,1545,0
1638,1705,0
1004,2776,1
767,2446,1
1801,2398,0
418,2902,1
2859,2898,1
1682,2612,1
846,2929,0
1189,3032,0
883,2202,0
137,2596,1
391,1800,1
464,1086,1
895,2351,0
1998,2604,0
231,3171,0
1968,2469,0
1619,3027,0
231,2579,0
407,695,0
1019,1621,0
851,1164,0
581,2990,0
606,2631,0
1186,2769,1
559,785,0
1384,1956,1
443,2359,0
2526,2877,0
368,1714,1
2108,3148,1
172,2418,0
44,927,1
498,2154,0
1044,2406,0
193,368,1
3012,3266,1
988,2051,0
860,3091,1
1718,2731,1
1458,2090,0
2132,2861,0
11,528,0
1313,2327,0
1369,2205,0
296,2391,1
478,1129,0
1512,3027,0
939,1929,1
1929,2498,0
707,2532,1
369,1629,0
108,807,1
320,1467,1
2048,2416,0
853,1685,0
173,718,1
1691,3254,1
728,3220,1
24,2752,0
819,1720,0
464,1739,1
349,2619,0
1186,2158,1
1030,3263,1
491,2063,1
816,3212,0
1929,1991,1
1635,3214,1
861,2612,0
487,1957,0
1683,2843,0
368,2168,1
1600,2233,0
380,2264,0
791,1322,0
2350,2669,1
1278,1406,1
234,548,0
453,1030,1
24,1797,1
563,2511,0
403,2843,1
1475,1709,1
596,2166,0
1719,1959,0
990,2889,0
905,2864,0
2562,3319,0
876,1373,0
715,1738,1
841,1007,0
1761,2315,0
408,2426,1
791,1099,1
606,2511,1
502,757,1
2062,2700,1
2079,2753,0
1154,1698,1
843,1580,1
2980,3180,0
1783,2255,0
988,1540,0
1391,2987,0
40,2665,1
2516,3116,1
969,2183,1
844,1018,1
2995,3115,1
1403,2789,0
1416,3047,0
1361,2210,0
3087,3165,1
1620,3207,1
262,2412,1
274,1786,0
720,3181,0
3000,3249,1
70,1661,0
907,3125,1
2172,2722,0
2514,2724,1
780,1471,0
294,1830,0
738,2724,0
1972,2834,0
2478,2850,1
844,2189,1
622,2061,1
37,1869,1
1229,3226,1
172,1270,1
858,1784,0
1455,2491,1
197,2692,0
619,3143,1
922,1793,1
1716,2042,1
2875,2967,0
639,1421,0
1839,2160,0
2633,2903,1
1474,1896,1
145,2620,0
486,2097,1
2035,2896,0
1770,3049,1
432,1582,1
1860,2128,1
808,3312,0
194,850,1
946,2970,1
130,1364,1
1820,2890,0
832,3029,0
1782,2677,0
1233,1579,0
1369,1894,1
688,3004,1
2518,2800,0
326,1699,1
1342,2454,1
239,1641,1
281,1788,0
520,3053,1
1544,2108,1
19,2696,1
2484,2652,0
2428,2678,1
1312,1591,1
1215,1579,0
720,1588,0
538,2284,0
1072,2646,0
554,2700,1
226,3233,1
278,3186,0
790,2514,1
192,2927,0
2255,2394,0
4,2279,1
205,1021,0
677,3176,0
1921,2975,0
712,1024,0
15,2815,0
25,3077,0
1169,2378,0
296,644,0
34,1368,1
368,2754,1
208,2735,1
3030,3146,0
993,3112,1
1992,3154,1
946,2124,1
268,2971,0
1538,1737,0
1823,1839,0
652,1015,0
207,1055,1
233,2373,1
824,1765,0
2553,2942,1
78,3320,1
2779,2826,0
836,1175,1
474,2328,0
381,1114,1
420,2279,1
1186,1272,1
179,1587,1
695,1296,1
1311,1746,1
775,1067,1
1081,1099,0
1488,2040,0
2336,2978,0
368,1173,1
507,680,0
93,1366,1
789,2998,0
1459,2272,0
1132,2012,0
808,2907,1
2187,3322,0
237,2518,1
1305,2100,1
1186,3049,1
327,3037,1
1080,2415,0
19,1911,1
1298,3280,1
1331,3036,0
1301,1681,1
2757,2867,0
1257,2062,1
2108,2937,1
1534,2975,0
1884,3110,0
2482,2670,1
2445,2475,0
740,915,0
2143,3093,0
2157,3220,0
170,2826,0
937,1729,1
240,1050,1
146,1975,1
1140,1702,1
265,335,1
2260,3289,0
1004,2520,0
416,2623,1
1819,3161,1
1400,2173,0
143,1729,0
2844,3000,1
315,1675,1
2499,3015,0
2174,2833,0
1447,1484,0
1351,2630,1
2469,3292,1
2133,2744,0
1332,2133,1
1482,2359,1
1014,3135,0
141,1342,1
325,2460,1
1078,1126,0
767,2523,0
1505,2851,0
1013,1183,1
797,1756,0
2220,2352,0
1410,3129,0
1414,2623,1
166,254,0
922,1388,0
1112,1875,0
970,2047,1
1444,1890,0
963,1638,1
2050,2650,0
936,956,0
1794,1944,0
866,1913,0
322,1807,0
718,2212,1
230,520,0
818,1583,0
1040,1988,1
180,2925,0
2676,3107,0
135,447,1
290,1778,1
348,738,1
90,2482,0
1160,1441,0
298,1235,1
355,2933,1
648,1810,0
1223,2465,0
215,3135,1
245,464,1
1078,2120,0
114,590,1
986,3237,1
916,2071,1
1112,1208,1
100,3147,0
1134,2088,1
1494,2178,1
1837,2227,1
1199,3030,0
787,2836,0
1054,1870,1
132,1530,0
454,2187,1
544,1155,0
1233,2877,1
717,1673,1
2649,2847,0
580,897,1
970,2159,0
1625,2188,1
1255,1546,1
197,2191,1
1477,3248,0
1208,1828,1
620,2200,1
594,595,0
1119,2112,0
1674,2200,0
122,1171,0
74,818,0
1714,1975,1
2690,2806,0
516,3025,1
901,1116,1
1351,3298,1
1411,1911,1
1420,1824,1
1669,2696,1
2884,3152,1
35,1105,1
2399,2916,0
532,1172,0
157,889,0
940,1025,0
607,1496,0
3081,3300,0
104,629,0
2793,3047,0
2380,2894,1
166,2209,0
359,530,0
2713,3111,0
99,284,1
502,1897,1
1463,2351,1
1130,1233,0
23,1273,1
173,2450,1
173,2957,1
381,506,0
2030,2569,0
256,392,0
2315,3281,1
455,2047,0
1106,2266,1
168,1896,1
2077,2860,0
1227,2204,1
274,2821,0
950,2269,0
554,1752,1
3038,3167,0
1298,2221,1
283,1721,0
303,1213,0
404,534,0
178,490,1
1332,1565,0
192,1062,1
902,2274,0
1452,2231,1
247,1726,0
1786,2362,1
1737,2145,1
1077,1798,1
678,2115,0
1381,1943,1
1186,1591,1
2783,3088,0
30,1887,1
1787,2044,0
689,1944,1
2149,2801,1
625,633,0
1281,2681,1
330,2853,1
1622,2449,0
2837,2965,1
1966,2019,1
977,1232,1
2371,3189,0
1284,1636,0
118,1074,1
390,2826,0
596,2358,0
1681,3112,0
1506,3264,0
2525,3226,0
2024,3317,0
177,3240,1
285,2087,0
2853,3280,1
1208,2952,0
246,1871,0
843,2635,0
902,972,1
154,585,0
1283,3196,0
797,1726,1
225,1737,1
2850,2859,1
760,3037,0
40,2892,0
718,2251,1
146,2565,1
1474,2531,0
1203,1376,1
200,3120,0
842,1874,0
31,193,0
1810,3067,0
1746,2444,1
2535,2879,0
923,1503,0
1294,3003,0
52,224,0
476,2101,1
1217,2648,0
198,2891,0
681,1349,1
1381,1791,0
2294,2299,0
927,1799,1
514,2413,1
1992,3199,1
2259,3043,1
758,901,0
181,3040,0
176,2351,1
1153,2673,0
649,2842,0
138,2377,0
562,1638,1
1186,2963,1
699,2476,0
1749,3115,0
1423,2313,0
383,3241,0
2655,3075,1
406,3082,0
208,2413,1
1315,2149,1
341,2247,0
1086,2928,0
1165,2003,1
890,2529,0
916,2819,1
2979,3266,0
317,866,0
686,1737,1
1918,2290,0
1435,2481,0
2937,3269,1
2943,2993,1
1744,1842,1
589,2461,0
995,1640,0
1523,3028,0
2620,3085,1
558,1930,0
2251,3242,0
3005,3236,1
410,1972,1
1468,3107,1
1051,1752,0
319,1822,0
414,1716,1
651,1299,1
713,2884,1
305,2782,1
1040,2220,1
1684,2517,1
2588,2925,0
50,1212,1
0,3191,0
37,278,0
1243,2833,0
153,3143,1
2892,2910,0
70,462,0
1328,1521,1
736,1250,0
1938,1972,0
86,1201,0
2453,2486,1
643,1186,1
791,2727,0
1279,3253,0
319,2120,1
335,3259,1
2549,2971,1
778,1112,1
1933,2619,1
1697,2709,1
229,1906,1
406,1717,0
150,1683,0
440,1054,1
1429,2179,1
2519,3274,1
82,160,1
2727,2729,0
3206,3280,1
1186,1770,1
1741,2442,0
2153,2736,1
740,2270,1
1872,2536,1
1235,1477,1
773,2092,1
1518,2628,0
2034,2118,0
531,2259,1
741,1988,1
776,2398,1
1511,1960,0
229,1408,0
2126,2388,0
3036,3099,0
479,1416,1
1593,2545,0
1755,2002,1
1746,1941,0
1188,1914,0
2221,3290,0
894,2908,0
49,1677,1
512,3293,0
716,2555,1
523,1975,1
486,1030,1
718,1257,1
2163,2220,1
536,1701,0
3036,3065,0
1926,2289,0
497,907,0
2136,2884,1
1130,2896,0
373,2466,1
1226,2769,1
2085,2128,1
2488,2920,1
2303,3054,0
418,881,0
2096,3249,1
787,1318,0
1066,2725,1
755,2937,1
2137,2838,0
172,2542,1
825,1137,0
634,2025,1
579,2411,1
983,2186,1
1688,1875,0
2278,2519,0
2715,3003,0
383,2174,0
1283,1490,0
2306,2311,1
382,1640,0
301,2947,0
1226,1298,1
878,2827,0
2211,2293,0
1245,3092,1
970,2665,1
106,1726,1
2564,2974,1
2937,3152,1
1045,1708,0
1345,3309,1
126,3321,0
108,1902,1
1189,2423,1
901,2842,1
793,1006,1
245,2799,0
2044,2095,1
1724,2723,0
1690,2692,1
2221,2963,1
247,521,0
697,2698,1
2161,3269,1
213,2398,1
642,1612,0
1010,1085,1
198,1364,1
874,1720,0
213,2372,0
72,1797,0
557,1288,1
1809,2076,1
1324,3116,1
3268,3304,0
1274,1722,1
269,2181,0
474,1785,0
662,969,0
1590,2305,1
873,2607,1
172,712,1
653,1531,0
2640,2925,1
430,2842,0
2073,2639,0
776,1649,0
201,2461,1
434,523,1
440,2421,1
2182,2200,0
108,3016,1
885,2051,0
807,858,0
1091,2256,0
1632,3152,1
326,2572,0
976,1135,0
2280,2409,1
1394,1848,0
858,3296,1
166,2401,0
1737,1795,1
1126,2361,0
1738,2699,0
702,1250,1
2088,2590,1
776,1767,1
1397,2153,1
1500,3246,1
76,2000,1
150,2390,0
1327,1455,1
747,3098,0
1395,2535,0
718,3107,1
1270,1992,1
550,2873,0
2500,2870,1
1955,2697,1
242,1858,0
1067,2670,0
1413,2122,1
2789,3293,1
1258,2985,1
1789,3236,1
1392,2936,0
599,1632,0
1108,2554,1
1328,1680,0
2884,3171,1
673,718,1
330,1601,1
490,1809,1
3042,3268,1
2210,3021,1
1261,2019,0
455,2300,0
954,1597,1
438,797,1
2811,3315,0
300,1928,1
3121,3225,1
947,3003,1
2689,3029,0
230,2320,0
2087,3057,1
1596,2299,1
495,2564,0
1310,1572,0
211,2380,1
431,2443,0
190,1848,0
1014,1622,1
140,2453,0
350,2153,0
1317,1473,0
575,2217,1
1398,3065,1
1085,1332,1
2512,2648,0
30,3303,1
1575,2435,0
933,3307,1
1697,1939,0
23,2734,1
25,1754,0
2591,2915,0
183,1562,0
531,545,0
1597,2350,0
1868,2234,1
887,1443,1
524,2378,0
2421,3024,1
1098,2967,0
40,1995,1
360,2777,0
663,1541,1
1790,2239,1
975,1668,1
1043,2257,1
569,1218,0
934,2405,1
1354,2310,0
1799,1880,1
42,1205,1
1669,1992,1
1207,2045,0
206,2920,0
1633,2923,0
1851,2636,1
681,828,0
287,2017,0
263,3214,1
612,1542,0
77,2592,0
158,590,1
123,3256,1
2916,3043,0
1029,3217,0
860,2113,1
0,1361,1
376,1173,1
1344,3182,0
927,1427,1
1416,2115,0
80,1853,1
1206,2432,0
481,2990,0
384,2850,1
1797,2467,1
1647,1748,1
98,1161,1
621,1374,1
318,337,1
1103,2454,1
129,3098,0
30,2902,1
2061,2623,1
1286,1671,1
1199,1907,0
916,3308,1
668,3066,0
597,2454,1
819,1156,0
292,2922,1
3135,3277,1
66,2414,1
2645,2745,1
794,1028,0
2650,2950,0
1276,1369,0
401,2085,0
569,1902,0
937,2374,0
131,2749,0
132,663,1
2208,2859,1
674,1469,1
2163,3210,0
297,1541,0
1037,3116,0
1612,2785,1
1641,3274,0
228,3140,1
152,2061,1
344,2398,0
14,2079,0
1482,3028,1
1921,3052,1
168,584,0
728,3139,0
209,518,0
235,1119,1
1470,1782,0
460,754,1
204,2665,0
372,737,1
1226,1895,0
251,708,0
639,2161,0
1086,3280,1
1274,1570,0
1983,3244,1
1992,2349,1
1567,2385,0
1878,2255,0
1822,2298,0
2010,2420,0
983,1672,1
1112,1828,1
785,2415,0
263,1783,1
421,2804,1
1434,2314,0
1186,1698,1
1406,1590,1
2407,3176,1
1150,1552,0
440,3255,1
427,1778,0
593,2827,0
473,1947,0
1416,1812,0
2206,2225,0
1692,3210,1
1922,2738,0
695,2052,1
1181,3047,0
409,1272,1
1936,3180,1
178,1780,1
943,1378,1
377,3072,0
1514,1891,0
2046,2118,0
1466,2993,0
1315,2459,1
184,2862,1
190,1047,0
996,2792,0
236,2004,0
989,1382,1
2484,3069,0
1727,2608,1
1018,2015,0
1186,1299,1
1102,2258,0
2181,2260,0
666,3129,1
2335,2884,1
1163,2759,1
342,2174,0
1983,2674,1
2520,2816,1
694,3318,0
798,3087,1
824,1619,1
912,2514,1
1754,2753,0
515,1038,1
2362,2522,0
273,383,0
31,2272,1
649,1097,0
1593,2717,1
2066,2212,1
2712,3045,0
1298,1978,1
565,2455,0
964,1433,1
6,1105,0
794,2248,1
24,2087,1
374,2955,1
136,263,1
918,2398,0
1308,2505,1
750,2298,0
547,2251,1
1045,1188,0
385,682,0
481,1830,1
3040,3072,0
1998,2738,1
572,2470,0
712,1026,0
2859,3192,1
2472,2884,1
1090,1310,0
141,869,0
738,2971,0
3097,3271,0
1546,1611,1
80,329,1
491,1674,1
74,511,1
2286,3067,0
460,1696,1
463,1111,1
1784,2254,0
1417,3173,0
450,2429,1
1935,2541,0
1086,2673,1
718,3089,1
456,3273,0
52,290,0
1908,1958,0
200,1208,1
937,2866,0
726,910,0
2301,2721,0
2179,2720,1
1091,3022,1
462,2364,0
1798,2937,1
718,745,1
2729,3097,0
91,2815,0
1421,2014,1
214,1114,0
61,2567,0
163,1840,1
379,3140,0
574,2725,0
146,2133,0
192,1448,0
815,2158,0
235,517,1
2240,2743,0
1281,3022,1
1841,2682,1
758,1138,0
2144,2309,0
595,3026,0
108,2009,1
762,2249,0
2533,2607,0
351,1272,0
2615,3224,0
226,1595,1
260,695,0
1327,2917,1
970,1743,0
1229,2693,1
1793,2388,0
714,1998,0
1594,2670,0
1320,1989,1
1827,2371,0
2062,3290,1
1715,1868,0
1835,2657,0
671,1470,1
2711,2968,0
1547,1563,1
2327,2884,1
55,2756,0
1607,2924,0
895,1913,1
503,1536,1
658,1983,1
8,2256,0
563,3066,1
1796,2884,1
1644,2763,0
222,1811,0
1188,2093,1
1721,1950,1
1350,1370,0
339,2435,0
1669,2077,0
481,705,0
129,2151,0
1462,2154,0
1011,1410,1
547,1079,1
21,838,1
1192,1596,1
1069,2733,1
1112,1747,0
818,1530,1
332,1569,1
1894,3182,0
444,3006,1
227,644,1
1581,2814,0
832,2625,0
255,2331,0
251,3023,0
1087,1587,0
359,2953,0
546,2751,1
268,1716,0
2101,3197,1
1653,1667,0
2499,2795,1
887,3096,0
1163,1445,0
49,2130,1
491,1463,0
435,1180,0
2754,2791,1
1582,1944,0
835,1106,1
91,620,1
653,2091,0
902,2398,0
838,2736,0
1648,3248,1
2460,2675,1
2849,3200,1
709,3064,1
816,2193,0
1076,3093,0
519,1950,1
1418,3122,1
47,615,0
461,2639,0
220,1894,0
1721,2622,0
1853,2485,1
96,1278,1
1103,3269,0
1254,2371,1
158,550,1
1734,2948,0
203,2077,1
518,1975,0
166,491,1
1633,2911,0
329,1853,1
538,1946,1
453,1764,0
314,1737,1
1288,1975,1
346,2113,1
441,2511,0
1231,2076,1
1101,3240,1
807,1186,1
1855,3155,1
1600,2498,0
1539,3251,1
473,1185,0
1208,2279,1
1451,1845,1
2239,2568,1
2791,3108,1
1185,2800,0
885,1413,1
381,2827,1
2001,2180,0
420,1965,1
3089,3323,1
880,2436,0
1122,1320,0
1850,2345,1
952,2751,0
1909,2077,1
520,1029,1
1747,1857,1
219,3288,0
913,2303,1
1181,1861,1
2661,3216,1
376,2450,1
2567,2651,0
859,2102,1
183,603,1
536,1258,0
363,3320,0
496,1148,1
57,2212,0
2476,3194,0
1698,2583,0
1171,2714,1
779,1365,0
625,3106,1
513,2470,0
1043,1506,0
1180,1652,1
562,2955,0
1101,2996,0
1540,2475,1
131,2552,0
185,1766,0
742,1855,1
2252,2557,0
479,1223,0
2095,2391,0
2769,3261,0
2903,3061,0
344,2084,0
2725,3311,0
2113,3034,1
1921,2774,1
1004,2724,0
2257,2878,1
702,1062,1
2266,2948,1
1128,2457,0
2230,2419,0
618,2144,0
833,2804,1
2616,3297,0
1185,1753,0
350,740,1
603,785,1
48,2510,1
605,2440,1
514,2337,1
200,1665,1
1379,1876,0
1541,1573,1
2383,3009,1
657,2803,1
988,2537,1
66,881,1
1338,2470,1
607,1775,0
348,1888,1
382,2227,1
1896,2930,1
221,704,1
80,1807,0
1123,2585,0
721,3211,1
1986,3131,0
43,1340,1
675,2548,0
755,1806,1
350,3025,1
29,1657,1
424,2362,1
528,1603,0
275,2053,0
2128,2241,1
1986,2193,0
882,3093,0
1309,2966,0
732,1269,1
1275,3280,1
1911,2061,1
477,1723,1
1502,2235,0
1918,2585,0
585,1156,1
167,345,0
1847,1990,0
1168,1609,1
1220,1483,0
1644,2727,1
1494,3110,1
710,1653,1
1958,2072,1
2013,3315,1
2712,3076,0
1729,3059,0
1983,2810,0
1261,2007,1
910,3054,0
116,3270,0
512,2230,1
1111,3038,1
920,1847,0
1855,2511,1
1450,2070,0
129,332,1
1330,1977,1
91,438,1
299,1212,1
315,1208,1
718,1979,1
1292,1938,0
424,1802,0
108,1173,1
1229,1586,0
979,2151,0
1333,1873,0
1658,2796,1
1065,1285,0
1220,2094,1
56,1564,1
1141,2211,0
438,2872,0
94,3095,1
433,1959,0
939,1692,0
2368,2870,1
2021,2963,1
1572,1698,0
654,1631,0
50,91,1
344,3262,0
1290,2450,1
373,2076,1
700,1848,1
871,1872,1
1271,1832,1
2267,3065,0
665,1400,0
1894,2475,1
938,2746,0
90,1905,1
2859,2971,1
261,2881,0
2487,2612,1
937,1249,1
2957,2970,0
998,999,0
152,2369,1
43,2637,1
466,2414,1
1932,2425,1
1046,1229,1
1279,1553,1
1226,1706,0
1622,2440,1
650,1010,0
1361,3305,1
449,1255,1
422,2979,1
137,2057,0
2211,2891,0
13,1842,1
548,2475,1
220,2369,0
2734,3132,0
998,2608,1
1217,1347,0
1875,3087,0
991,3226,0
1797,2588,0
2633,2836,0
1448,3284,0
817,1090,0
823,1992,1
3069,3208,0
2695,3205,1
805,1149,0
1041,3246,0
524,2102,0
1705,2210,1
2021,2591,0
50,707,1
1975,3085,1
441,3321,1
368,3323,1
1775,1828,0
214,801,1
1579,2242,1
183,2439,0
973,2820,0
899,1244,0
1569,1579,1
1439,1584,0
218,1443,1
1409,1929,1
852,1395,0
698,2302,1
654,1192,0
707,1040,1
31,188,1
306,758,1
755,2214,0
1172,3229,0
607,2481,1
1744,3211,1
305,1126,0
715,2766,1
1268,3062,0
1635,1938,1
1406,1787,1
1135,1937,1
217,3124,0
1336,1374,0
816,861,0
2768,3315,1
1889,2910,0
1004,1579,1
1403,2033,0
570,710,1
486,520,0
143,2115,0
2467,2943,1
127,2023,1
1498,1913,1
1299,1307,0
1324,2852,0
1414,2878,0
346,2166,1
1539,1970,0
254,1122,1
827,1491,0
274,2712,0
723,2107,0
445,2477,1
938,3194,0
1662,2698,1
718,2565,1
1128,1771,1
639,2479,0
521,1134,0
2978,3003,1
412,2987,1
158,1355,0
600,3006,1
269,2949,0
32,3244,1
609,2081,1
18,92,0
102,697,1
1032,2613,1
1285,1450,1
1822,2469,0
564,2537,0
1425,3077,0
2040,2572,1
345,1786,1
219,1573,0
1193,1313,1
836,1746,1
2091,2397,1
856,2688,0
1031,1601,1
268,471,1
50,1740,0
1208,2894,1
1795,3014,1
538,1998,1
2477,3134,0
1294,2716,0
1874,1948,1
599,2972,0
15,1283,1
1854,2957,1
2935,3287,1
2485,2993,0
2145,2693,0
2513,3144,1
840,1970,0
2756,3223,1
1186,3324,1
1619,2949,1
1103,3280,1
48,1682,0
1750,3167,0
2686,3174,0
889,1419,0
229,726,1
367,438,1
219,2803,1
16,217,0
1976,2986,0
734,3053,1
997,3223,0
2438,2845,1
1103,1186,1
706,1012,0
429,1370,0
1499,1688,0
654,2248,1
1049,3269,1
291,463,0
1298,1739,1
263,502,0
2259,2825,1
30,968,0
1920,3119,1
1041,3032,0
1667,2509,0
1114,1304,0
1108,1739,1
1610,2706,1
1239,2989,0
2325,2822,0
1241,1867,0
1009,3303,0
445,2754,1
1393,1544,1
413,571,1
337,1967,0
2135,3104,0
34,2209,1
741,2912,1
171,2195,1
2044,2536,0
867,2731,0
1649,2723,1
1138,3070,1
643,1966,1
597,718,1
452,3066,0
397,1861,0
1070,3204,0
1855,2242,1
325,2683,0
393,2332,0
747,2066,0
769,2608,1
270,1202,0
888,3136,1
2553,2737,1
2457,2711,0
1252,2467,1
416,1143,0
66,1997,1
360,2262,0
301,1416,0
466,2166,1
1055,1193,0
1979,3280,1
907,2649,1
612,3284,0
38,1909,1
783,1379,1
72,1883,0
906,2812,1
1792,2323,0
806,2421,1
1434,1814,1
350,2480,1
1485,1594,0
311,3198,0
418,1732,1
1126,3250,0
2752,2754,1
259,2179,1
857,3093,0
1880,3185,1
496,3290,0
344,2435,0
631,1315,1
399,3296,0
1679,2705,1
305,897,0
581,1652,1
1774,2925,1
358,2953,1
1789,3005,1
738,2884,1
1953,2081,0
211,1829,0
888,1298,1
1670,2177,1
885,1469,1
816,2372,1
842,3203,0
2417,2805,0
108,1039,1
937,2136,0
147,1266,0
516,1135,1
2113,2151,1
1453,2167,0
2111,2642,1
1633,2811,1
304,996,1
433,2372,0
315,2749,0
149,2672,0
327,1684,0
2180,2197,0
879,2574,1
455,1328,0
133,2431,1
107,1442,1
2290,2661,0
1731,1799,1
376,1714,1
688,2847,0
154,3079,1
142,654,0
828,2705,1
1672,3181,1
1674,2639,0
1092,2299,0
1909,2559,1
1300,2299,0
256,1987,0
943,2383,0
1167,1741,0
1208,3135,1
1338,2654,1
883,1186,1
1062,1662,1
455,1406,1
820,2308,0
2967,3262,0
399,1231,0
301,508,0
1186,2394,1
899,1622,1
442,492,1
1736,2014,0
1990,3013,0
594,1847,1
193,2754,1
863,2616,0
307,2791,0
743,1672,1
2074,3175,0
12,2802,0
31,1315,1
1879,3008,1
987,1368,0
402,2237,1
982,2823,0
144,753,0
902,2199,1
72,2625,1
74,1033,1
626,1234,1
484,876,1
647,2889,0
487,1280,0
346,1528,1
63,2748,0
167,2230,1
1799,3185,1
1172,3308,0
983,2832,0
344,1089,0
581,2943,0
60,2468,1
2178,2994,1
1765,2902,0
2754,3323,1
1186,2254,1
3103,3158,0
811,2460,0
899,2512,1
381,3101,0
2681,2948,0
817,3214,1
1795,1938,0
204,2904,1
1622,2646,1
301,3324,0
1746,3276,1
1481,2430,1
822,3105,0
480,507,1
740,2904,1
1072,1412,0
1663,2601,1
3,343,0
276,2478,1
2839,3077,1
701,1318,1
1560,2429,0
2866,3188,1
2085,2169,1
1877,2801,0
2788,3083,1
207,2581,0
2467,3057,1
1165,2570,1
177,2133,1
122,1734,0
573,3068,1
476,1364,1
666,2306,0
130,3139,0
1883,2901,1
10,3300,0
1809,1992,1
679,1340,1
80,1107,0
1289,1520,0
2296,2771,0
2906,2925,0
169,1523,0
1913,3244,0
2948,3185,1
260,2062,1
178,1293,0
434,3270,0
1333,3018,0
1142,3224,1
463,3101,1
1308,2573,1
1555,2417,0
3169,3326,0
990,2799,1
118,524,1
151,563,0
751,2787,0
191,2659,1
518,1295,1
603,3188,1
240,2498,1
1240,1599,0
1564,3155,0
827,1999,1
494,1412,1
1390,1739,0
1439,1934,0
137,510,1
2237,2959,1
215,1167,0
2752,3114,0
2363,2526,1
1379,2429,0
1010,1430,0
586,1449,0
984,2636,0
255,3284,1
1478,2899,1
733,1862,0
1707,2862,1
439,1092,0
92,1987,0
1161,2636,1
461,1379,0
551,3134,0
105,372,1
864,3149,0
2139,2785,0
1885,2658,0
2469,3306,1
550,979,1
766,2491,0
462,1943,0
1180,2073,0
1830,2680,1
473,791,0
1180,1470,1
2383,2870,1
2777,2830,1
1503,2031,0
1507,2729,0
664,1382,0
2414,3078,1
1103,1631,0
2737,2826,0
1725,1974,0
617,2002,0
3058,3271,0
308,1613,1
24,2993,1
248,632,1
70,2438,0
640,1559,0
764,1580,0
484,2616,0
2344,3208,1
2608,2884,1
1521,2991,0
1222,2482,0
1915,2991,1
333,1791,1
5,316,0
1637,2537,1
142,1664,0
1083,1189,0
2730,3198,1
3071,3193,0
2869,3235,0
416,2153,0
27,2323,0
491,1621,1
178,2623,1
1176,1306,0
1780,2495,1
147,2158,0
1186,2559,1
1292,1889,0
45,1959,1
1825,1862,0
1990,2345,0
2914,2998,1
2323,2859,1
46,2072,0
393,851,0
242,1969,1
2764,2904,1
1917,2831,1
1924,2243,0
1012,2607,1
1298,2769,1
1046,1604,1
577,2985,1
531,2162,1
2334,3094,0
2444,2877,1
794,2273,1
1526,1887,0
1010,1201,1
776,849,0
54,771,1
1812,2309,1
1184,2821,0
2124,3206,1
69,315,0
518,2529,0
707,2334,1
795,1031,1
106,3020,1
1186,1739,1
247,2323,1
2034,2132,1
2512,2726,0
718,2957,1
1152,1855,0
1362,1783,0
583,895,0
728,2526,1
1631,2034,1
928,2093,0
2107,2864,0
1506,1779,0
193,3323,1
491,1170,1
1002,1941,0
1109,2040,0
340,2918,1
1057,2034,1
856,3199,0
998,1835,0
2924,3196,1
547,957,1
1617,3136,0
969,1988,1
111,1638,0
2410,2922,0
2497,3098,0
1051,1935,1
68,1294,0
1480,3141,1
309,1329,0
653,930,1
1064,2336,0
2268,2900,1
1373,1557,1
985,2934,0
23,3283,0
35,1455,0
741,2183,1
2673,3280,1
1559,2184,0
586,2515,1
172,3013,1
1577,2025,0
1887,2902,1
770,1797,1
1371,2396,0
847,2856,1
999,3246,0
196,2523,1
999,1723,0
1538,2467,1
845,2850,1
1901,2105,0
2329,3290,0
372,2913,0
1578,2509,1
1856,3263,0
474,2412,0
94,872,1
1406,1880,1
1726,2378,0
464,2673,1
376,1989,1
3,549,0
977,1208,0
2202,2943,1
566,2859,1
2620,3294,0
799,2067,0
1448,3189,1
876,2057,0
106,1298,1
315,1083,1
1456,3112,0
1372,2908,0
2113,2694,0
474,3255,0
1812,2087,0
2339,3322,1
497,1755,1
553,2372,0
196,2316,1
149,2563,0
400,2060,1
1986,2423,1
449,2420,1
106,1086,1
440,647,1
646,2272,1
44,3185,1
1154,2987,0
219,2529,0
732,1144,0
1219,2298,1
1039,1298,1
660,1932,1
2831,3121,0
1836,1908,1
939,2145,1
2372,2902,1
335,1358,1
2657,3297,1
1135,3119,1
1715,1933,1
1040,2132,1
612,1003,0
762,2489,1
101,2761,1
354,3009,0
1141,3222,0
1186,2066,1
6,2160,0
148,2397,0
2347,2978,0
62,3090,1
435,1393,1
2637,2935,1
601,1209,1
231,649,0
3023,3294,1
1812,3222,1
807,1226,1
409,2616,1
305,624,0
1769,2015,0
249,1491,1
1290,3089,1
2098,3144,0
416,3003,1
1410,1995,1
1787,2942,0
358,1388,0
2591,3004,0
768,1322,0
1926,3046,0
2060,2814,1
2201,2422,0
557,2168,1
893,2274,0
888,985,0
136,3214,1
1241,1523,0
2291,2884,1
339,1062,1
1005,3193,1
1910,3224,1
2145,2661,0
1531,2986,0
251,1115,1
2457,2618,0
1655,2077,0
429,2751,0
499,2477,0
585,1015,0
1487,1708,1
718,1173,1
499,1896,1
168,2546,1
1154,1676,0
2478,3083,0
1420,3041,0
1622,1998,1
1512,2665,0
554,2410,1
337,2062,0
1492,3200,0
2504,2621,1
97,3202,1
74,1559,1
1168,1746,1
2917,3299,0
1480,1674,1
1365,3310,1
762,2921,0
111,1199,1
1703,2863,0
344,2985,1
1148,1555,0
236,2677,0
1082,2269,1
769,2237,1
1488,2236,1
2308,2371,1
826,2186,1
1760,1994,0
1049,2582,0
1415,1495,1
1074,1146,0
1815,3052,1
250,2779,1
748,1262,0
555,1068,1
993,2578,0
1040,2724,1
406,1202,1
1726,1739,1
2166,3078,1
116,742,1
439,2628,1
1380,3310,1
38,1622,1
278,1565,0
544,1742,0
1825,3283,0
2822,3119,1
721,2223,1
1782,2091,0
2632,3117,1
296,1261,0
324,471,0
226,2896,0
433,2334,0
747,1657,1
1014,1580,1
2583,3280,1
2608,2959,1
799,3154,1
719,895,0
693,1398,0
1319,2075,1
506,2168,0
1538,2087,1
188,1619,0
61,734,1
259,1002,1
251,1400,1
593,2062,1
2830,3133,1
895,1655,1
246,2717,1
225,1622,1
2690,3130,0
266,580,0
595,1277,0
1104,1583,0
743,826,1
1208,1854,1
1267,1427,1
1141,3172,0
1090,2485,0
1438,3074,0
1013,2711,0
1904,2652,0
845,1273,1
1312,1964,1
353,2436,0
155,1494,1
2026,2532,0
524,896,0
245,1185,0
1413,3032,0
808,1122,0
1806,2161,1
1562,2034,1
187,1731,0
1999,2024,0
1587,2279,1
535,1236,1
2893,3214,0
1422,3013,1
783,2492,0
959,2153,1
416,1933,1
1806,2295,1
72,2506,0
1561,3168,0
1322,1541,0
1428,1546,0
1307,2436,0
2762,2965,0
508,1516,1
82,202,0
666,732,0
687,3011,1
1474,3180,0
283,3133,0
2540,3078,1
199,922,1
280,3072,1
37,2631,0
2926,3221,0
344,2669,0
1037,1154,1
474,2118,1
605,899,1
593,947,0
494,2790,1
1469,2993,0
1139,2496,1
649,2773,1
1349,3082,0
2149,2402,0
1560,2285,0
1593,3147,0
53,1721,0
1851,1939,1
1091,2097,0
532,1401,0
1272,2709,1
1568,2098,1
229,2577,0
1406,2469,1
1180,2135,0
444,1987,0
2686,2760,1
684,2667,1
1933,2132,1
1186,2957,1
430,1186,1
127,1783,1
1691,2676,0
165,1660,0
1409,2532,1
2238,2648,1
1860,3046,1
